url_path,views_total,views_unique
/jonescompneurolab/hnn,22,15
/jonescompneurolab/hnn/tree/master/installer,7,3
/jonescompneurolab/hnn/tree/master/installer/ubuntu,5,1
/jonescompneurolab/hnn/issues,3,2
/jonescompneurolab/hnn/blob/master/installer/ubuntu/hnn-ubuntu.sh,3,1
/jonescompneurolab/hnn/tree/master/installer/centos,3,1
/jonescompneurolab/hnn/blob/master/installer/centos/hnn-centos6.sh,2,1
/jonescompneurolab/hnn/blob/master/installer/centos/hnn-centos7.sh,2,1
/jonescompneurolab/hnn/blob/master/param/ERPYes100Trials.param,2,1
/jonescompneurolab/hnn/fork,2,1
